	k=7
CYP27C1	4
DEM1	4
FAM134B	1
ZNF716	6
NPM3	4
IL21	4
MRPL12	6
H1F0	3
CCDC56	3
ADCY1	3
PRC1	5
AC010724.7	7
FANCB	5
CCNG2	1
KIF16B	1
TENC1	1
TRGV5	4
TRIP13	5
GNMT	2
TCF7L1	4
ATP1A4	1
THOC5	5
SLMO1	6
TMEM39B	4
C19orf39	3
CMTM5	4
RAD17	1
UBE2E2	4
SLC35B1	6
ADAMDEC1	5
SLC41A1	7
TSPAN13	3
STON1	4
KRT75	4
AGR3	3
ABP1	6
SESN1	2
FAM35A	3
PCYT1B	4
POLQ	5
AC069235.1	4
C12orf48	5
SLC7A11	7
ATF7IP	6
IL1R2	4
RP5-1187M17.10	4
MBOAT4	4
THAP11	7
CROT	3
OCIAD1	1
ZNF214	1
EVL	1
PPYR1	4
TRIM59	7
KCNH6	3
TFAP2B	3
SCGB2A2	3
FOXN2	4
IL17D	4
C15orf41	5
PITPNM3	6
KCNE1L	4
C3orf1	4
SERPI11	1
CIAO1	7
COL4A6	2
UBASH3B	4
OIP5	5
RARA	3
TIAM2	7
AC073878.1	4
ZBED4	6
TMEM91	1
RNF145	4
TMEM179	6
CEACAM6	3
C16orf93	3
MELK	5
ZIC5	5
C20orf95	2
BLVRA	3
SCGB1D2	3
CNGA1	4
BTRC	1
MPP7	2
AC010411.1	4
AC121338.1	4
STARD13	1
CASP5	4
AL589743.2	6
NUDT5	7
PTPRT	1
TMEM184A	3
RFC3	7
TMEM182	4
MCM5	6
EPB41L4A	1
FZD9	5
PCM1	1
CD8B	4
PLEKHB1	4
PIM1	4
SHMT2	6
GPR12	7
ARHGEF9	7
C3orf18	1
ARL9	5
GALNT7	1
C2orf89	4
NOD2	7
ZBTB5	4
POLA2	5
CCDC151	3
GOLM1	2
THUMPD1	2
MAP2K4	1
GJB6	5
KRT2	4
EPHA7	7
ODAM	4
ZFYVE21	2
AL132716.2	1
MMP7	4
ZNF540	1
SNTN	2
SOX8	4
PPARA	4
XAGE2B	4
PGBD5	4
CAC1A	4
TATDN2	4
DMRTA2	4
KIF14	5
CDK8	4
ELF2	3
RP1L1	4
AQP9	5
MFAP1	3
BTNL3	4
C16orf71	1
DNMBP	2
KLHL5	1
C7orf60	4
AC135995.1	7
PAK1IP1	7
KLHL36	7
SYF2	2
OR2H2	7
MSI2	3
ANUBL1	1
ANXA9	1
DZIP1	4
DHRS2	3
ENOX2	7
OGDHL	4
NPM2	7
MMP12	5
VWA2	1
FBL	4
TRBV30	4
DCAF7	6
FBXO5	5
ATP6AP1L	1
ALCAM	1
ANKRA2	1
TNPO2	7
AC008734.2	4
CHST15	3
C6orf161	6
TMEM74	7
RND1	3
FLVCR2	7
FNDC3B	4
NDRG1	5
DUSP16	1
FTMT	5
GABRA3	6
ZMYM2	3
C15orf54	3
IGFBP4	1
SLC6A15	4
LYAR	7
CD151	1
C16orf38	7
UMOD	1
RDH10	4
RBM47	3
KCNS1	5
MCM3	5
STARD7	4
CHRM3	4
KRT83	5
SPC25	5
RSPH3	2
APBA2	7
ZMAT1	3
SHOC2	3
AC126339.4	6
IER3	3
LYPD5	4
THOC3	7
GCNT1	4
IL15RA	4
TMEM169	4
PNPLA2	3
RAET1L	7
DERL1	6
HNRNPH2	1
PCDHGA1	6
V3	1
AL022328.1	3
PRIMA1	6
MED27	7
CYB5R1	1
XK	5
C9orf68	1
PDCD1LG2	4
INCENP	6
TPO	3
TIGIT	4
KIAA0556	3
C1orf61	4
LRRC31	1
P2RY12	1
AMTN	4
STK39	3
CPAMD8	7
HMGA1	7
TMBIM4	3
SLAMF8	4
LANCL2	5
AC008734.1	4
SYT16	4
CRY2	1
CBX2	5
CPEB2	1
ACOT4	1
ACSM5	2
AMACR	2
C5orf49	3
TMEM87A	1
RP1-241P17.4	7
ZP4	4
FOXK2	6
ZNF259	4
RHBDL2	4
GPR81	1
BPI	4
ZCCHC24	2
SIGIRR	3
C11orf41	7
FAM128A	3
EGFR	4
C11orf75	4
FANCG	7
MAMLD1	4
SLAMF1	4
PLA2G7	5
GDF5	4
TNK1	3
ZNF484	2
SCFD2	7
NUP62	6
VGLL1	5
CDKN2D	6
TIMM8A	5
AL929601.1	4
EFHC1	3
UGCG	1
ECT2	6
C6orf112	5
CHST11	4
EXT2	4
NXN	4
FADS6	6
TRIM58	2
CHR7	4
WDYHV1	6
HAUS8	5
CAB39L	1
APOBEC3D	4
CXCL10	4
TMEM231	4
ROBO2	2
NDUFA9	4
SLC44A4	1
GNL3L	6
MPZL1	4
C12orf57	1
FAM83B	7
CCNB1IP1	4
CCDC99	6
ETS1	4
RTP4	4
CCL7	7
AC018552.1	7
C14orf148	1
KIAA1324	1
VAMP4	3
KERA	2
PGPEP1	1
CHST2	4
AC079061.1	1
SLC4A8	3
ADPRHL1	3
ATP2B3	4
PTK2	6
AC078953.1	4
NDRG4	5
DKK1	4
ADRA2B	7
RGMA	4
SLCO5A1	5
CHRDL2	4
PLCD4	3
GINS3	5
MDN1	4
KIF4A	5
FOXC1	4
LEO1	1
AC044860.2	7
PRG2	4
TAGAP	4
CHST3	4
KIFC1	5
CDC25C	6
DHCR24	1
SH2D2A	5
MBNL1	4
T10	7
NUDCD1	5
ALK	7
CACNG5	4
SPATA4	1
ANKS1B	3
ZNF844	3
TMEM158	7
DSG3	4
GP2	1
FAM161B	1
PCDHGC4	7
ZNF462	7
FABP7	4
C18orf10	4
C6orf97	1
CDKN3	6
PCP2	1
SP140	7
OR14A16	2
GPX4	3
FPR3	4
STAM	7
CYB5D2	1
GPR3	4
VIM	4
RNF121	4
C20orf118	7
GABRA5	7
BBS4	1
TADA2B	1
RGS9BP	6
FRMD3	4
PLA2G12B	6
SLC9A6	4
TSTD1	1
CMTM7	4
MAP7D3	4
AC009563.1	4
USP40	3
COL22A1	4
SLC6A2	5
PRPSAP1	7
HUWE1	7
TCTN1	1
NOP2	4
DONSON	6
SIRPB1	4
AIF1L	5
AL022344.6	7
NOSTRIN	1
P4HTM	1
MYBL1	6
ZNF518B	7
ZNF441	1
TMOD2	4
ZBTB7B	3
ABCC11	1
FAM101A	7
CCDC19	3
C1S	4
CD207	4
AC011450.1	6
OLFM3	7
C6orf70	3
KTELC1	4
AC079322.1	6
NFKBIE	4
ADAMTS1	7
SYTL3	7
ZFP64	6
AC004971.1	1
KLK7	4
SNX22	4
CCDC125	1
INTS12	2
MCM10	5
CYP4B1	3
ARNTL2	4
CENPL	6
CAPN8	1
RASSF2	4
TRAIP	6
IFT140	3
AC233263.1	4
RASGRF1	5
GPR63	7
CORO1C	5
TAP1	4
MED8	4
TUBB	5
KRTAP5-5	6
GPR174	4
TMPRSS6	3
AC009113.2	5
RNFT2	6
FAM174B	1
HORMAD1	4
PDE7A	7
LRRC50	1
PRR4	7
KIAA0174	7
TMEM138	4
LAD1	7
ZFP14	2
ACADSB	1
HRK	5
NUF2	6
PPM1G	7
RBM46	7
FPR2	7
HOXB3	3
RAB5B	1
BHLHE40	3
SKA1	5
AP001631.10	5
KIF7	5
C1orf196	1
RPL39L	6
C16orf45	1
ZIC4	4
SLC25A37	4
KBTBD10	1
TMEM2	4
PDE6A	4
HIST1H2BJ	6
MRPL14	7
SSTR3	4
NLRP8	1
C9orf169	3
PITPNC1	4
PAPD4	3
CTR9	1
NRP2	4
CDH19	4
GZMH	4
RCC2	6
SLC2A10	3
TMEM38A	4
PAPSS1	4
ENO1	5
PLAGL1	4
TXNRD3	7
KRT5	4
IFNG	4
GPD1L	1
ACRV1	5
PHOSPHO2	1
MAPK14	7
ZCCHC12	7
PLEKHA8	6
PLX1	6
MAGED4	4
SRL	1
RAD51AP1	5
C9orf170	4
FBN2	7
NUP155	5
HORMAD2	6
UBD	4
GJB1	3
CASC4	1
ADPRH	4
TRPM6	4
DEPDC1	5
SSH3	3
TAF2	6
LGALS8	3
GMPS	6
AL132777.1	6
WDR60	3
LRRC48	1
CCL18	4
C17orf108	3
CDT1	5
AGTR2	4
RSPO1	1
CCDC160	1
FOXG1	5
SHC4	4
FCRL5	4
RECQL4	6
GOLGA2B	3
ZMYM5	3
FBXW4	1
C16orf75	5
TCEAL1	1
HPN	1
C3orf65	4
AC009060.3	7
E2F7	5
MTA2	4
CD300E	4
ITM2C	7
FMO6P	4
GSTCD	3
MAGEA10	4
TIMM23	4
E2F5	7
AC090051.1	3
CDKN2A	6
PAX1	7
STIL	5
MRPS30	1
S100A8	4
LSM2	5
ZNF532	4
FAM69C	4
AMOTL1	4
C12orf11	4
ASF1B	5
LANCL3	4
SH3BGRL3	4
HES1	3
PLSCR3	4
ANKS1A	7
MAGOH	4
PRR18	7
LILRB3	4
GFI1	4
ZNF483	2
AQP12B	6
NF1L6	4
USP42	7
R3HDML	4
RNF19B	4
CNKSR2	4
WASF1	7
ZNF625	3
HOXC12	6
TTC16	3
BCDIN3D	1
RERG	1
G14	2
PROM2	3
C9orf116	3
UHRF1BP1	7
RBM43	1
FIGN	4
SH3PXD2B	4
NSL1	3
RQCD1	4
DYNC2H1	1
EIF1AD	7
ZNF43	1
IL1F9	7
QRICH2	6
P2RY2	3
OMD	2
SLC7A6	7
GPRC5A	3
C4A	1
NXNL1	1
LRG1	1
MDGA2	5
TUBB6	4
TXNL4B	7
RACGAP1	5
HTRA4	5
MS4A7	1
C2orf68	7
CCR1	4
WDR78	1
QSOX2	5
FAM150B	7
HAS2	4
NEK10	1
RG9MTD2	1
ATP5L2	4
MTA3	3
MTF1	4
POLR2L	1
RSPO2	5
SLAMF9	7
FXN	4
CLEC2L	6
RAB19	1
WWTR1	4
INTU	3
YKT6	7
TSPAN1	1
MRPL37	4
FAM19A4	5
PRPF4	7
IFT81	3
HCCS	5
MAPK4	4
FAM151B	3
TTYH2	4
ROGDI	3
AL033381.2	7
TNFRSF9	7
SI1	7
KIF20A	5
PTPLAD1	3
FOLH1	4
SOX6	4
C8orf39	6
KIF3A	3
GRIA2	1
DOK5	4
SERINC2	3
MTHFD2	5
PCDHB10	7
KDM4B	1
CTTNBP2NL	4
C14orf45	1
POLR3D	4
LARP6	4
HAO1	5
C6orf106	7
CDC123	7
S100A1	4
CKAP4	4
AC104667.3	1
FOSL1	4
MMP1	5
CLSTN2	1
PABPC1	7
ZNF319	4
ELAVL1	6
ITIH1	7
SH3BGRL	1
AC139099.1	7
CT45A1	6
AC079135.1	6
RCOR3	3
YTHDF1	6
KLHDC4	6
ASB7	4
TBC1D9	1
CUBN	4
DIS3L	3
COQ4	3
C6orf1	3
AC078802.1	4
ZFAT	5
TRBV6-6	4
PDE11A	1
C10orf32	1
MSLN	7
BBOX1	4
COX4I1	7
LRRC8D	4
DENND2D	2
TFF3	1
TRPV2	4
PGLYRP2	1
RP11-101E3.4	1
ATP1A2	1
TMEM109	4
ANKRD34B	7
RAB17	1
GATA3	1
SRGAP2	7
MEIS3	1
WDR19	2
TRIM8	1
C20orf24	5
GLS	4
ZNF416	4
LCP1	4
GLRB	1
CXCL5	7
SLC7A1	5
ZNF655	2
GTSE1	5
SPIN4	6
DIRAS2	7
CPLX1	1
DUS2L	5
ADRA1D	7
AC021066.1	7
DGAT2	7
TTC18	1
BMP4	3
CORO2A	2
C3orf64	4
RSEL	3
BAAT	4
TIMD4	4
ENTPD5	1
KIAA1244	3
NOL4	4
FAM19A3	4
PITPNB	5
TJP3	3
TFDP1	4
TH1L	5
TRIM25	7
MTAP	4
TMEM200C	4
HOOK2	3
TRPM8	5
SLC26A9	7
SNTB1	4
VPS36	2
CCL13	4
PRKAG3	7
MEGF9	1
PARP3	1
E2F8	5
ATAD2	6
CCDC129	4
MEFV	4
RNF141	1
MUM1L1	3
KLK5	4
JMJD8	3
CIB2	7
HSD17B4	3
CYP27B1	7
ZBTB39	5
C9orf75	3
MATN3	2
UGT8	5
SRRD	4
GPR84	4
NHEJ1	4
KIR3DL1	4
MKRN3	5
TNFRSF21	4
PANK1	7
RBL1	5
ZNF546	2
PGR	1
TARS	7
ANKLE1	4
PFKP	7
BTF3	1
PDCD2L	4
FBN3	5
TTC25	3
SLC30A9	3
GPR173	6
USP6NL	7
SERP2	1
C5orf44	2
LRRC8B	4
ZNF74	7
MARVELD2	3
ABCF2	4
AL353997.9	5
THAP6	3
UBXN11	3
STXBP5L	5
SIX3	4
LETM2	3
PRICKLE1	4
PRKCG	6
TEAD2	7
KP2	5
AC092811.1	7
TLE6	1
PSMD2	5
PLA2G4F	3
MPZL2	4
FAM179B	3
EFHA1	2
B3GNT7	6
CCDC132	2
DYSF	5
KLF13	4
AC107016.1	3
GCNT2	4
FZD4	1
DAPK1	4
ANKRD24	1
GLG1	4
PROM1	4
AC007130.1	7
KDM4A	4
KRT6C	4
CD96	4
PTDSS1	5
FREQ	5
ZG16B	1
BUB1	5
KIAA0317	4
HSPB1	3
ZFYVE19	3
GS	7
SNX32	4
PGAP3	3
GDF5OS	4
LTA	4
C9orf98	3
GTF3C2	7
C12orf56	7
SLC6A16	6
CCDC140	7
FAM134C	1
AL133168.2	6
RBM12	6
SPATA20	3
NSMAF	4
SHROOM3	2
PHYHD1	1
AP003068.4	7
SEPT3	5
SYTL4	3
MCM8	6
TRIM29	4
C3orf20	7
ZNF488	5
C1QL2	5
ARSD	3
CRABP1	4
KIAA1949	4
BTBD3	5
SLC39A14	4
AC110285.1	4
PLCG2	4
MOSC2	1
CDH3	5
PUF60	6
HIST1H2BB	4
RORC	1
IL25	1
NUS1	4
ZNF438	4
ZADH2	1
AC009053.1	6
CCDC158	1
C14orf179	1
CCDC82	4
IMPA2	7
IP6K2	3
AC135995.6	6
SNORD1C	7
GALT	7
NCOA7	4
CDC45L	5
FNDC1	4
C21orf59	3
ADAM19	7
SIAE	1
CCR8	4
NEIL3	5
CCR4	4
PLCH1	5
FAHD2A	7
TTC24	7
FBXO7	4
NRG2	4
PREX1	3
ISL2	4
FAM120AOS	1
OIT3	7
AC152006.1	7
RALGAPA1	3
TEX15	4
TBCC	7
HRH3	6
ZBED2	7
HSP90AB1	6
PTPRK	4
C3orf72	6
ZMYND12	1
ELF5	7
PCDH11X	4
VCAM1	4
CNNM1	7
CNTP3	4
TUBA1C	5
CDCA3	5
C10orf25	4
RPA4	7
ALX1	4
PHF11	1
ATP6V1C2	5
ITGB8	4
CD40	4
IFT74	1
C11orf52	1
EIF3D	4
CXCL1	4
HSDL2	3
ANKRD42	1
MICALCL	1
SEC23IP	1
MYBPC2	4
CLCN4	4
PCDH1	3
MTERFD3	3
CD3D	4
C1R	4
FGD1	6
ZNF197	3
BMP2	4
YDJC	6
INHBE	7
PSMD7	5
CENPA	5
S1PR5	7
CSNK2A2	5
MEP1A	4
PCP4L1	7
SLC39A11	3
EIF4EBP1	6
AL512637.1	5
IFIH1	4
FASLG	4
CCL20	4
SPC24	5
FAM131C	6
TCEAL3	1
KC2	4
CLEC6A	5
TKTL1	4
FAM81A	7
C11orf65	3
AMD1	7
Z99572.1	3
ABAT	1
C8orf33	6
ST8SIA1	4
EML2	3
SAMD4A	4
ALDH1A3	4
TMEM45B	1
IQGAP2	1
AC010536.1	6
LMO4	4
TMSB15A	5
RALGPS2	1
EIF4B	1
COL4A5	1
CDCA7	5
DBNDD2	3
LGMN	4
CP	4
PNPLA7	3
HIST1H2BN	6
AP1AR	3
FAM49B	7
ATP10B	4
FAM63B	1
GSTM2	1
CISD3	3
C5orf53	2
C10orf68	3
TRU1AP	4
ANG	2
ENPP5	1
XXbac-B461K10.4	7
SELENBP1	3
SOSTDC1	4
AC016757.1	5
EGFL6	4
MT-CO2	7
DDX39	5
DIRC3	7
C17orf76	4
APOF	3
MYH7	4
RIPK4	5
COL9A1	4
PANX1	4
CTRL	7
AP000654.1	1
PLAGL2	6
CLDN6	4
WARS	4
CD247	4
ICA1	1
CAC1E	7
PNMA6A	4
VLDLR	4
MKL2	3
BEND3	5
TRBV6-1	4
PTTG1	5
TMEM41A	6
CSN3	4
COG4	6
DGKD	3
RAB42	4
ARHGAP31	4
RPA1	4
SLC22A5	3
CMBL	1
TMEM163	4
EMILIN2	4
RAB26	3
SMURF2	7
GPR177	2
AC007405.7	3
MB	7
ZNF280A	5
TERT	4
ACBD4	1
BLVRB	3
RGR	5
ATP13A5	4
IQUB	2
AFF3	1
PPIH	4
HSPA2	2
GAPDH	4
SNRNP200	7
PAGE2	6
TRPM4	3
ATP7B	3
ROPN1B	4
CEACAM5	3
DAPP1	4
RAD21	6
TCF20	7
MYCN	6
CLEC4D	4
TMEM176B	4
PCDHGC5	7
TOX3	3
ZNF302	3
C10orf112	2
L3MBTL4	4
ZNF7	6
FAM64A	5
NDRG2	4
NCAPD3	4
NUP37	7
AMMECR1L	7
PGK1	5
STAM2	2
SLC25A45	3
CYP4Z1	1
KLHDC7A	3
AC105391.3	1
ULBP2	7
FAM82A1	2
SLC40A1	2
SCUBE2	1
KRT6B	4
CMKLR1	4
USP18	4
GTSF1L	4
KIAA175	4
GRIP1	7
TAF7L	6
C16orf58	3
KIAA1370	1
CHRD	1
KIAA1737	1
CENPV	7
GPC5	7
BBS5	1
KARS	5
SFRS12	3
CCL26	4
RNF38	4
MCOLN2	7
UCHL1	4
GPR161	4
PKMYT1	6
HKDC1	7
FAM164C	3
WDR31	1
CPA4	5
ZNF433	3
PGPEP1L	4
EEF2	3
SCPEP1	4
C14orf166B	7
PTPLA	4
BLOC1S1	2
BCL11A	4
STARD10	1
CCPG1	1
VPS33B	7
ECEL1	4
IL1RL2	4
SLC25A19	5
RBKS	1
CLDND2	4
SLC27A1	3
ORC1L	5
CDK5R1	7
LRP8	5
MAD2L2	7
LAP3	4
AL391421.4	2
CCDC67	4
AAGAB	3
GNB4	7
RPH3AL	1
RAB27B	1
C20orf26	1
HR	6
SULT1A1	3
C15orf60	7
ADRA2A	2
D2HGDH	3
SLC1A1	1
CALB2	4
THPO	2
MCF2	4
NSA2	1
GDPD2	6
CXCL9	7
APH1B	1
SLC25A29	3
NXT1	5
CSDA	4
SLC25A32	7
ZNF181	2
C11orf90	7
CLN6	7
LMX1B	1
TP53BP2	4
RET	1
LRRC28	4
NRAS	4
CXCL11	7
SLC6A11	7
TBC1D19	3
CKAP5	6
AQR	3
PDXK	7
ZCRB1	3
LRBA	3
TXNDC5	4
SH3BP1	5
ELAC1	4
CCDC134	5
MAPK1	4
ATP11C	7
CYBRD1	1
DTX3	3
SMOC2	1
NME4	3
KIF3C	7
NME5	1
MRPL36	7
PLAT	1
PLEKHF2	3
ANXA8L1	4
LASS6	1
C11orf60	1
TRIM65	4
MAP3K7IP3	3
PRIM2	4
CDC37L1	2
A25	6
EFCAB6	3
KIAA1524	6
ST6GALC2	3
ALDH1B1	4
SLC26A5	1
PTX3	4
NPY1R	1
FAM98A	4
TUBA1B	5
LFNG	1
LIPG	4
AC010198.1	7
TTC30B	2
MURC	5
PPIL1	7
INO80C	7
RCOR2	4
ME1	7
TIMELESS	6
BVES	4
XPO5	5
USP31	7
TMEM232	1
KCNK6	3
NFIB	5
TBC1D12	2
RFWD3	5
DDX11L8	6
BMPR1B	1
ZNF597	3
C4orf18	1
ZFYVE16	3
KLK6	4
SLC22A16	4
PIWIL4	4
ZNRF1	6
GALNT5	1
ECE2	5
MOG	7
IPO9	6
FOLH1B	4
ITGA2B	6
KCNK17	7
TRIM2	4
LIN28B	7
C15orf23	6
UBE2C	5
EIF2C1	4
PRDM1	4
CDH29	3
ATP1B3	5
ARL4C	5
TRAM2	4
PABPC4	4
ANP32E	7
MAN2B2	3
GLU	3
CHRNB4	7
SLC9A11	4
PREP	7
IL20RB	5
TMEM194A	6
ALDH6A1	1
ACBD7	6
CASC5	6
PHF15	2
TBCK	3
PPARGC1B	5
HMGB2	6
KCNG1	5
CCDC83	3
SUCLG2	2
C2orf70	6
SPTBN4	1
MDM2	3
NPEPPS	3
SPATA18	1
ANXA8L2	4
CENPO	5
CHAF1B	5
PPP1R14C	4
AL591684.2	4
PRRG1	4
LRRC17	3
TXK	4
TMEM206	5
FRS2	3
SNX8	7
PRPS2	4
FGF10	1
SPOP	1
BNIPL	3
MUC16	4
EIF2B3	4
HOXC10	6
AP002852.1	1
CHMP4B	3
KCNH5	7
PGAM1	4
CBX4	3
PCTK1	6
ESR1	1
RABEP1	1
ZNF467	3
FAM72D	6
GLUL	1
STK35	6
C17orf51	4
PABPC3	7
TC2N	2
EMG1	4
MKRNP5	4
CBR4	1
C6orf150	7
TGFBI	4
QDPR	1
SCARB1	7
ZNF778	5
SLC22A18	1
TAT	1
C18orf19	7
GPT2	7
C1orf130	4
SUSD1	4
S100B	4
CT62	1
GSG2	5
TTC1	2
RAPGEF3	1
CDYL2	3
TMPRSS7	3
CR1L	4
FAM174A	3
LMNB2	6
RPUSD3	7
RAGE	3
CDC6	5
ZNF691	4
CISD1	7
AC010326.2	1
ARSG	1
TCF19	5
ORAI3	1
AQP2	4
STK38	5
SFRS7	4
ENPP1	3
WDR67	5
RSU1	5
BSG	3
SDR42E1	4
FRMD5	7
CDC25B	5
CSF2	4
FASN	3
LARP4B	6
ASXL1	6
PKDREJ	7
ACTBL2	4
CCDC11	1
LIN9	6
KIR3DX1	4
PTCH1	5
PRKY	7
SFRP2	3
CDX2	6
PVR	5
TMEM89	5
SYNC	1
ADAMTSL5	1
CCNH	2
RP11-1220K2.2	4
AC044860.1	6
AL359392.1	2
BAK1	7
MAD2L1	6
ZNF703	3
GDF15	3
SNX20	4
YAF2	3
GPI	7
TLE4	4
C10orf90	4
TAF5	7
SEMA7A	5
CLEC4E	4
RGL2	3
FBXO47	6
DSC3	4
ZC3H12C	4
AL356123.2	5
C3orf55	4
CUZD1	7
SERHL2	2
ZNF385A	3
TNF	4
KIAA1609	5
C1orf21	1
BICD1	7
TUSC4	1
MLKL	4
CAMK1G	7
EPHB3	7
MTBP	5
SPATA24	1
MAML3	1
LRRC46	1
GBP1	4
STK32B	1
GLT1D1	4
ITGB5	3
SLC25A35	3
NOP56	5
CYB5A	1
PPP4R1L	4
SCCPDH	3
SLC22A1	7
MYO18B	3
EXO1	5
GZ	6
CBS	7
GREB1	1
BATF	2
SLC35E4	7
FAM47E	3
SLC43A3	4
CPD	2
CENPP	2
MARS	5
SERPI3	1
LRP12	5
NUDT12	1
GATA2	3
RPS10	4
TTF2	6
C5orf46	4
RHOB	1
FNIP1	3
XCL1	4
AC015631.1	4
FBXO4	1
DLX6	4
NUMA1	3
C6orf15	4
CCT5	6
PPP1CC	7
C9orf35	4
SLC30A10	5
YARS	5
SLC24A4	4
SFRS13B	4
GNPDA2	1
NT5DC2	5
DPYS	4
USH2A	3
AL365190.1	7
AC006465.3	1
AC011944.1	4
SLC38A11	2
B3GNT3	4
TP53INP1	3
OGN	2
LCA5	2
ZC3H6	1
C14orf143	1
RP4-761I2.4	4
FAM38B	1
C1orf173	2
EDAR	7
ZNF711	4
REPS2	3
ACOX3	3
C4orf26	7
IDO2	4
CXCL14	2
CXCL13	4
DHRS12	2
EYA2	6
GNGT1	6
FCN3	4
TNFSF14	4
CALU	4
SLC23A2	7
DPYSL5	5
KIAA1407	3
C1orf97	3
SIRPG	4
WDR59	6
MSL3	4
PSMA7	5
FAM83D	5
SERPINB5	4
TMEM108	7
FCRL3	4
CTU1	6
CTPS	5
SRPK1	5
VPREB3	7
CDC2L6	7
TBC1D28	6
SMOX	7
PBX4	7
FRMPD2	1
AC009996.1	3
KRTAP10-11	1
C9orf103	1
F7	1
CPNE2	7
FZD7	4
ZNF8	4
AURKA	5
PBK	6
CYC1	6
SUCLA2	1
KLHL34	7
RPSA	4
C10orf84	2
TFRC	5
GBP5	4
TMEM189	6
PIP	1
CC2D2B	3
MIPEP	3
GLYATL2	4
AC011322.1	7
AC073585.1	4
NLRP7	4
SLFN14	4
COX5A	7
BEND4	4
AC007279.2	4
ACOT9	4
FCGBP	1
HOMER3	7
SLC34A2	4
MID1	4
OR2T2	4
KCMF1	7
HJURP	5
TOX	4
ZNF563	3
UMODL1	7
CCDC65	1
DYX1C1	1
C10orf4	3
PTGER3	3
HPDL	5
KRT9	5
FAM54A	5
CDCA4	6
PALM2	4
DH6	3
SSTR1	3
ZNF493	1
CASD1	3
OR14A2	2
AR	1
DIAPH1	7
C1orf59	7
CBL	4
FMN1	3
SLC26A3	1
AL031003.1	1
HEXIM1	1
TRIP11	2
C17orf57	3
C1orf27	3
PROKR2	5
KLRG2	5
GJB7	7
TAF11	5
LAMP3	5
ZC3HC1	4
KCTD6	1
C6orf64	7
OTOG	5
C4orf32	1
SH2D5	4
PRKCA	4
TTLL4	7
SLC31A1	4
DOC2A	3
IL7	4
PRKD3	4
PA	1
RELT	7
FUT9	7
KIAA1161	7
TBC1D7	5
SLITRK2	4
FZD6	6
CCDC18	7
KALRN	5
REEP6	1
AC073528.1	1
NLRC5	7
FAAH	3
DRAM1	4
CD163L1	4
DF5	4
TRMU	6
FREM2	4
GMDS	4
TCN2	4
MAST4	1
C2orf55	1
SEMA3G	2
ZNF280D	1
HBP1	2
AL110118.1	1
KLHDC9	1
TMEM171	4
C9orf7	3
NDUFC2	3
SFRS3	4
CALML4	7
RSE1	4
SAP130	7
SLC10A2	7
D2	6
POLK	1
ZMYND10	1
CCNF	6
NUP107	6
SFXN2	1
FBXO18	4
RP11-282K6.3	1
KRT86	7
KIF13B	1
BMI1	1
DDX12	6
MYO5C	1
SMC1A	6
GABRP	4
COCH	5
SIRPA	4
GJC3	1
NFATC3	4
B4GALNT1	5
PRR13	3
LOXL4	4
RAN	5
AC015871.1	7
GUCY2F	4
CCDC104	3
EBP	7
CCDC48	1
ZNF799	3
REEP5	3
WRNIP1	4
CYP4A11	3
GLDC	6
USP8	3
PRSS12	4
TMC1	4
TDRD3	2
LYPD6	2
CHRM2	6
TMEM57	3
PDCD4	3
RAB11A	3
TMEM140	4
UBE2L3	4
SLC2A5	4
GRB14	4
SCN1A	5
PMFBP1	7
MARCO	5
BUB1B	5
SYNJ2BP	2
NXNL2	1
AC022098.4	1
CUEDC1	3
DCDC1	1
FYCO1	1
IVD	1
FAM116B	3
MRFAP1	3
CHAC2	4
ETV6	4
SNHG12	4
CASC1	1
MALL	4
CDCA8	5
ESPL1	5
NMT2	4
C5	3
RIPK3	3
AL031587.1	4
CHR5	5
ABI1	4
TMEM144	1
ULBP3	7
COMMD10	2
TLR8	4
SPATA7	2
YTHDC2	3
WBSCR17	4
HTR3A	7
TXNRD1	6
ERBB3	3
RUNX3	7
SLC28A1	7
C1orf94	6
AC005863.1	5
LPAR3	4
C9orf40	4
TREM2	2
NR2E1	5
GABRQ	6
OPN3	4
AC011997.1	7
ZNF626	2
MXRA8	3
ROPN1	5
FBXL3	1
TBX21	4
PRTFDC1	4
PRKCDBP	4
SPEF1	1
GAS2L3	5
GGH	7
POLG	6
KLF5	7
CYB5D1	1
UQCRH	4
NDUFAF1	2
MED30	7
PDZK1	1
BCL2	1
SERPINB6	1
RSE4	1
BTG2	1
FAM89A	4
FYN	4
JRKL	4
RFC2	7
TRPV4	4
AC145138.1	3
ZBTB41	3
TMEM43	4
FAT1	4
FAM72B	6
KIAA1467	1
ULBP1	5
HOXC11	6
OCA2	4
SMARCA2	1
LTBP1	4
CLGN	3
ZNF552	1
LL22NC03-75H12.2	3
UEVLD	3
COG2	3
CLMN	2
SRD5A1	5
GPRC5C	3
HSD17B8	3
E2F4	7
NOL10	7
EXOSC6	5
BOLL	5
SFRS12IP1	3
YPEL2	1
NUDT16	3
TPCN2	6
GTF2H2C	3
NPNT	1
KIF11	6
HIC2	7
C6orf105	4
BAI2	1
PEX26	4
TMEM97	6
B3GAT1	4
SYTL2	1
VAX1	5
MRS2	7
CX3CR1	1
UPP1	4
ROR1	4
ZNF776	3
TEX11	4
MSH3	3
FABP5	4
TET3	6
KIF15	5
HOXB2	3
LYPD6B	3
SIL1	1
NCR1	4
MYBL2	5
CENPBD1	4
C13orf18	4
SLCO4A1	7
PPIA	7
ZNF516	3
C10orf107	1
ALDOC	6
C4B	1
AC005481.5	3
KLHDC1	1
RRP1	6
ITGAE	4
PRKCQ	4
NECAB3	3
NT5DC1	1
PDCD1	6
GPR126	7
SH3GLB2	3
DTL	5
ZNF763	2
TOM1L2	1
C19orf36	1
C1orf135	5
TPPP3	3
LZTFL1	1
CPEB3	1
PLEKHM3	4
HDHD2	2
C16orf62	2
FAM24B	4
FUT4	4
EPOR	3
IL32	4
PALM	3
AC092118.1	4
TSPAN33	5
DCLK2	4
CR1	4
AC006367.1	4
MYH9	7
AL953897.1	4
AC092031.1	4
AC005342.1	1
NIP7	5
OXGR1	5
TNFRSF8	4
SLC27A6	4
ARMC9	3
CYP26B1	4
TLK1	3
CCNE1	5
MSI1	5
MS4A2	3
AC123788.1	7
ANKRD31	3
CETN2	3
FOXQ1	4
DDX53	4
C6orf195	5
GIPR	1
GPRC5B	4
TFAP2A	3
F5	5
CEP290	3
C19orf51	3
PFN1	4
MAGED2	3
C16orf87	6
ZBTB42	3
CD38	4
NMB	5
FAM81B	2
RIOK1	4
DOCK3	4
KCNK5	5
NDUFA3	3
HRCT1	7
TUBA3D	2
CDK4	6
CDKN2C	4
ZNF582	1
OTP	6
ZNF721	3
NUDT9	1
ALG3	5
GALNS	6
POU5F1	5
CAC1F	1
SPC2	3
CCL8	4
KIAA0564	2
SUV39H1	6
TLE3	3
COQ9	7
ACTR3B	4
ANKRD30A	1
TBCCD1	7
PKIG	3
AKIRIN2	7
RP9	7
TMEM132A	6
TBX19	5
CHI3L1	5
C1QL4	5
VWA5A	1
IRG1	4
RAB30	1
CDC7	5
CC1	4
DAK	3
MRAP2	4
HIST1H4B	7
RPP38	4
PSMB4	7
FAM84A	4
PDK1	4
C8orf47	4
CT45A2	7
KIF18B	5
PM20D2	4
RCC1	5
BCL2A1	4
MCM4	5
PIH1D2	1
SNX1	1
B3GALNT2	7
SSH2	4
SLC25A43	5
C9orf100	5
DUSP22	4
CREB3L2	4
RGPD8	2
TSPAN31	1
AL357372.1	7
GNLY	4
KDM1B	4
CCDC74B	3
AC044797.2	3
HAPLN3	5
PNPLA1	7
ELOVL1	4
SHCBP1	5
PCSK4	3
SCN5A	4
TCEA3	1
RSPO3	4
BCL11B	4
GZMB	4
ACAN	4
ARRB1	3
C20orf100	4
HELLS	6
ARL14	4
RPL12	4
PRR15	1
ME3	1
ZNF280C	7
CDK2AP1	4
USP13	7
LRRC51	1
CABLES2	5
MYB	1
MCM2	5
AC011477.1	2
POU4F1	5
RPF2	4
FAM63A	1
C12orf36	7
DPP7	3
GCNT6	4
COL11A2	5
CD7	6
SENP5	6
MARCH3	4
REEP1	3
FAM20A	5
MTTP	7
FANCC	7
FDPS	4
URB2	6
GLIPR2	4
DEFB1	4
BAIAP3	3
OSCP1	1
C21orf91	4
C10orf92	1
YPEL1	7
ABCC1	7
RRM2	5
CCNY	4
FANCD2	5
GPR55	4
KTN1	3
PPPDE2	7
ARHGAP21	4
GTDC1	4
GTPBP4	5
TEX10	7
CYP21A2	1
SDCBP2	7
AC015804.2	7
XRCC2	5
RNF24	5
TAS2R40	6
TMEFF1	5
SLC12A3	4
CCNB2	5
SCNN1A	1
SPRYD3	3
RAD51	5
XPC	3
FNTB	2
IGF2BP2	4
GATAD1	3
ERCC6L	6
SQLE	6
CEP63	3
ZBTB4	1
WDHD1	5
PSRC1	5
NCAPD2	5
KCND3	1
SEC14L4	4
RLBP1	4
AZGP1	1
MIA	4
POLI	1
TAGLN3	4
RANBP3L	3
ACTR5	6
FGF11	4
AVEN	7
RBM17	7
TBC1D1	4
FOLR1	4
MARCH8	1
TIGD1	7
XIRP1	5
TBX3	3
CYCS	6
DIRAS1	4
TGM1	7
C17orf53	5
ZNF619	1
NMU	6
ADM	7
UBE2T	6
AC012215.1	7
HS3ST3B1	4
NLRP5	2
AGTR1	1
ZNF823	3
CCNYL1	4
SLC9A3R1	3
CC2	5
CHCHD5	3
ONECUT2	5
LAPTM4B	5
ST8SIA6	1
RASGEF1C	5
SACS	4
CHODL	7
ATP11B	4
PEX11A	3
NCAPH	5
KCNN4	4
HPGDS	1
PGLYRP4	4
SLC15A4	7
RAD54L	6
ELOVL5	1
GAN	5
SLC7A2	1
TMF1	1
TACO1	6
COMMD2	4
B4GALT2	4
APOA2	7
C2orf77	2
FXYD7	4
SEMA4B	3
MRPS24	7
SMO	4
METT5D1	3
HRH2	4
TCFL5	7
COL29A1	4
ADCY7	7
COL4A3	4
PEX11G	3
POP1	5
LRRFIP1	1
DEGS2	1
ATP6V0A2	4
SPEF2	1
AC183089.1	3
AC046176.2	4
RP11-80B17.1	5
KRT85	7
NUP188	6
NFXL1	7
DHX38	6
SEPSECS	3
C1orf113	3
ERI2	3
CLDN2	7
DIAPH3	5
EMR2	4
CCDC103	1
CNTD1	3
IL6ST	1
FANCE	5
PCBP3	4
NUP160	5
C6orf167	5
IRS4	7
SAA4	4
TMC4	1
PSMB5	7
ZNF232	4
C11orf82	6
PPA2	3
CASP2	5
HPS5	4
FAM108B1	4
RARRES1	7
TMEM151B	7
SFMBT1	1
SRCIN1	3
TRHR	4
GAL	5
FADS1	6
CIAPIN1	5
HSPB3	4
UBXN8	2
TUBB4	6
COQ7	1
TPX2	5
AL033532.1	4
SPRY3	4
PRAME	5
HLA-DOB	4
CAMK1D	7
NCAN	4
GRAMD1B	4
RNF8	4
MRPS5	7
MATN4	6
TM7SF2	3
ZNF696	6
SYT9	1
MSX2	3
CTSC	4
RP11-766F14.2	7
CHMP2A	3
LCN2	4
CREB3L1	2
PEBP4	1
AC104852.1	5
BCAT2	3
ADCY9	3
AL137798.2	5
TMEM26	1
CDCA2	5
USP53	2
GAMT	1
TAPT1	1
KIAA1984	3
C1orf168	1
RSPH1	1
AGR2	1
MVP	3
CHEK1	5
KIAA0232	3
IDL	1
DSN1	6
C9orf53	4
TRIM43	4
MCM7	7
AC027277.1	3
MCF2L2	4
WNK3	7
PSAT1	5
ASPM	5
AKR7L	1
ZNF442	3
MRPL11	6
TMEM20	5
ITGB7	5
TOR1B	7
SPATA6	1
CHST8	1
PRF1	4
SREBF2	4
MGAT5	4
HMMR	6
UHRF1	6
UTP14C	1
CSRP2	4
C1orf163	7
SLC25A5	7
CUTC	4
SLAMF7	4
GABBR2	5
CKS1B	5
SPARCL1	2
EIF3B	5
C9orf144	4
C6orf204	4
SMPX	4
LRIG1	1
NEK5	1
KDM1A	4
FAM136A	7
RFC4	5
POLR2C	7
C2orf64	3
DH5	1
CLEC4C	4
WDR65	1
TROAP	5
ZNF454	4
TAS2R39	6
COL4A4	4
SCML2	5
CCKBR	7
RAB33A	4
CDCA7L	7
SLURP1	6
DDX26B	4
N4BP2L2	1
LRP6	4
TTC23	4
RNF103	1
IFR2	4
BTLA	4
ADAM10	3
RAD50	3
IL18RAP	4
CCDC148	3
ANKRD7	4
PALM2-AKAP2	4
CNR2	4
CTSB	4
APBB2	1
PRRG2	3
AADAT	5
BPIL2	5
DJC16	3
LRRC6	1
FAT2	4
CIB1	3
DYNC1I1	4
BACE2	4
GRIK3	1
FAM65B	4
DUSP4	1
MAPRE2	4
TOE1	4
PSMD12	6
TNFRSF11A	4
EPB41L5	3
ABTB2	5
MKI67	5
SCGB3A2	4
FNDC7	5
C9orf64	1
OPRK1	5
APEX2	6
TNFSF15	4
NHLRC3	3
AIPL1	7
OR11H12	7
CPA2	5
KBTBD3	2
HSPA14	7
MYST4	1
HIST1H2AB	6
OR11L1	1
ATL2	4
ATP4A	6
KRT81	7
NXPH4	6
PANX2	6
CPA3	2
GNG12	1
ENTHD1	4
TNFAIP3	4
BOP1	6
OTX1	6
DEPDC7	4
MRPL48	7
ILF2	7
AKR1E2	4
HTRA1	2
RIBC1	1
ZNF747	3
ACSL3	3
NRM	7
ADAMTS3	4
BTN2A1	4
GPC2	6
TPRG1	1
SRPK2	3
CTSF	3
SPG20	1
HIATL1	4
CYP4F22	1
DHX29	2
EXT1	4
VAC14	6
TTYH1	4
HNMT	1
RHBDL1	1
C9orf152	1
FBXO16	1
AURKB	5
OR14K1	1
CTSA	7
PPP2R5A	3
GPR97	7
STMN1	5
GARS	5
C4orf37	3
GPR158	6
ARHGAP32	3
SLC9A3R2	3
C1orf187	7
PODXL	4
LCK	4
ABHD14B	1
VPS4A	7
ZNF318	7
MIXL1	7
JMJD6	5
NUSAP1	5
DDN	5
IL1F5	7
C12orf70	4
C9orf117	1
ZNF276	5
MICALL1	7
CELSR2	3
MFSD7	3
SDR16C5	2
SORCS1	2
DNMT1	6
ROBO1	4
BCAM	1
SUSD3	1
LAMA1	4
CCNG1	1
GALNT10	1
PIK3AP1	4
CSE1L	6
C9orf30	5
MED20	4
CXorf61	4
C3orf16	6
RBX1	7
OLAH	7
LHX9	4
C11orf44	2
ZBTB7C	2
ATP6V0A4	6
STK33	4
PPCS	1
FBXO15	1
SH3GL3	5
SEPHS1	5
FUT5	7
CCL5	4
EFTUD2	6
DCDC5	1
SUNC1	5
TRGV9	4
GFPT2	4
DUSP2	7
KRT19	3
LILRA6	4
MAP4K4	4
ABCA12	3
CHST6	4
PAX5	4
RPS12	4
C7orf63	1
AP4B1	4
LSG1	6
INSL3	4
KRTAP2-1	4
LPO	5
NOVA1	1
RIPK2	5
SLC27A2	1
SLC7A8	1
AL603965.1	4
PRDM13	5
PEX7	1
PMCH	6
TOMM34	7
C4orf34	1
COL9A3	7
YEATS2	5
AC092865.2	7
CYP4X1	1
NXPH3	1
KLHDC7B	7
ABLIM3	1
TTLL2	4
ARMCX5	1
TOLLIP	3
NEIL1	1
GALNT12	4
TRPS1	3
LRRC59	6
APOBEC3G	4
MLH3	3
RGS22	1
MFHAS1	4
IL13RA1	2
RP11-429E11.3	4
PSMG1	4
GPR160	3
FAM23B	4
UXS1	7
EFCAB4A	3
C6orf173	5
UBE2E3	4
CCDC150	5
MCCC1	4
MLPH	1
C15orf42	5
LIMS1	4
CSTF1	6
EIF2S2	6
SLC6A14	4
PPAPDC2	1
MUC1	1
TMEM205	1
FMO5	1
KLHDC2	3
S100A2	4
NPR3	4
IL26	4
LRGUK	2
MYD88	4
VIPR1	1
PHF19	7
C18orf8	4
KCNJ2	4
FAM132B	6
SPATA8	4
C5orf34	6
SLC36A1	5
ANKRD27	5
SLC2A14	4
HIST1H2BO	6
AKAP9	2
OR56A1	5
C19orf12	6
CRIP2	3
LY6D	7
I	5
UBXN7	7
BCAS1	3
C1orf132	3
C4orf31	2
INPP4B	1
ZNF639	6
FUT3	6
C2orf44	4
IGBP1	1
MND1	5
CHR3	5
IQCK	2
FANCI	5
C11orf35	3
EXTL3	4
GPR19	5
ZC3H12B	7
WISP3	4
RP11-61P7.3	7
SGOL1	5
TEKT3	1
C19orf18	3
SLC15A2	7
AC009086.3	4
CCNO	3
TRBV19	4
OR5B21	4
AF279873.1	7
TERF2	7
SETBP1	1
SH3D19	3
CCDC146	2
TBC1D22B	4
ULK4	3
PDHB	1
ERBB4	1
GINS4	5
GSTM3	1
C1orf106	5
CEP152	6
BRWD1	3
MTCH1	5
SFRS2	6
ATP6V1E2	4
P2RY6	7
PPP1R3C	3
ZNF737	2
TBC1D29	1
NBEA	2
C14orf182	5
RASGEF1A	4
TGIF2	6
ADA	4
AC020907.6	5
STEAP2	2
DMRT1	4
TOR1AIP1	2
CSTB	4
CHAC1	5
TRIM34	2
OPN1SW	4
TM2D1	1
PFDN2	7
OXD1	4
MASTL	7
LRIG3	4
TMCO7	7
DJC1	1
MICAL3	4
SF3B3	5
ADAMTS15	1
IL20RA	3
CNTP2	3
KCNQ4	7
SORL1	1
OPTN	4
C18orf56	7
GLRA2	4
STIP1	6
NLRP10	4
MAFG	7
KLHDC3	4
SP23	2
ACAT2	7
MAP7D1	7
CRIP1	3
FAM171A1	4
VAV3	3
ESRP1	6
UNC80	4
TNIP3	4
AL136218.1	1
HCRTR2	4
NDUFAF4	7
GPR175	7
POLR2D	5
WDR43	4
CDCA5	5
FAM73A	1
C7orf29	4
CCDC74A	3
SUV39H2	5
SEZ6L	1
DCBLD2	4
C5orf41	2
SLC38A7	7
LASS4	3
LTB	4
IL2RA	4
ADSSL1	1
GTPBP1	4
SIK2	4
STON2	2
SLC16A6	3
C14orf174	1
DSCC1	5
CFLAR	4
ANGPTL1	3
SPIB	4
RTF1	2
AL390816.1	4
AL159163.1	1
SH2D4B	6
RHEBL1	7
RB1	2
MCART1	4
ZC3H14	2
AIM2	4
MTFR1	6
CEP76	4
HRASLS	5
STK3	7
POLR1C	5
PCSK1N	6
VASH2	7
GSTA1	4
ITGBL1	2
TTC19	1
ST3GAL2	7
HECTD2	3
GABARAPL1	4
C8orf4	2
C11orf9	7
WFS1	3
PPIL5	6
KLK10	4
C10orf114	7
IQGAP3	5
WNT10A	4
FAM12A	4
POLA1	6
KIF1B	6
AC004460.3	5
MPP6	4
ASTN2	3
PHF5A	4
SCN7A	1
YWHAG	6
LCMT2	1
SCAMP4	3
QKI	4
CEBPG	5
ABCA13	5
EMID2	7
FXYD6	4
AGBL2	2
DJC12	1
C17orf28	3
SFT2D2	7
N6AMT1	3
TFF1	1
TGM5	4
KCNH7	7
PKIB	1
IRAK1	7
TRPV3	7
IGF1R	3
NUP93	5
L1CAM	7
KCNT2	4
IL22RA2	5
PRAP1	7
POMC	6
SIDT1	1
ITGA3	3
CENPN	5
SCP2	1
ELP2	1
C1orf200	4
KCNH1	1
TOB1	3
SMYD2	7
CDK6	4
C16orf80	6
RPL30	7
NPR2	4
NFIC	3
TRPC4AP	6
SOX11	4
AC009113.1	6
GRIA1	1
CDC20B	1
LRRK1	4
IL21R	4
SPOCK2	4
KCNJ11	1
FBXL7	3
BAG2	4
TMPRSS5	4
FOS	2
NEK11	1
GREB1L	2
CTDSPL	1
GALNTL6	2
SMC1B	7
COG8	7
CLLU1	4
NCF2	4
TMEM71	4
TFCP2L1	5
POLR2F	7
STOX2	4
C22orf39	4
GRIN2B	4
STAC2	4
SMOC1	4
NHLH1	7
C20orf20	5
ZDHHC18	7
UNG	7
RAD54B	6
TNFSF11	4
SEC14L2_1	2
AC110619.2	3
KIF18A	5
TRMT11	7
FUT8	2
DCX	4
C8orf59	7
FAM154B	1
C9orf11	7
CREB5	4
C3orf58	6
SMTNL2	7
APC4	3
AC073624.1	5
RNF168	7
CELSR1	1
AP003115.1	4
TRIM47	7
MOBKL2B	4
TMEM30B	1
CHAD	1
DNER	7
DJC9	6
UBE2O	6
GINS2	6
PATL1	5
FAM115C	7
SLC15A1	5
ACTL8	7
ZNF643	4
RGS5	1
TRBV25-1	4
UFD1L	7
FAM60A	7
FAM53C	4
GAR1	7
SRRM4	6
CTLA4	4
PDIA5	4
NRIP1	1
CRYAA	5
TMEM41B	3
METTL14	1
DALRD3	1
PECI	1
NPC1	5
C2orf48	6
C16orf61	5
ME2	4
PFN2	7
SLC35B4	7
TMEM176A	4
KIR2DS4	4
WDR25	2
CIRH1A	5
SNRPD3	7
PCDH8	7
MMP20	4
CYTH1	4
HLA-DQA1	4
TMEM194B	4
CKS2	5
TGFB3	2
SREBF1	3
KIAA0226	7
ASS1	4
PPPDE1	7
GINS1	5
LIMCH1	1
BRIP1	5
ZNF606	3
C4orf7	4
ZNF473	6
GLI3	3
PLEKHG1	4
CLDN16	4
PRSS3	4
VWDE	4
POTEC	3
PRKAA2	2
TRGV1	4
LAMB2	1
ZCCHC11	7
AL592449.1	4
RP11-195F19.10	4
WDR51A	6
AC105219.1	6
PLA2G2D	4
DEPDC1B	5
PITPNM2	4
FAM102A	3
WNT16	4
EYS	3
RFX4	7
CMYA5	3
AC008013.3	7
TTC23L	2
MAPT	1
SEMA3F	3
DEPDC5	4
TMCC2	5
LCN12	3
RTN4RL1	1
AGGF1	3
XBP1	1
PATL2	7
TYRO3	7
INPP4A	7
ZNF275	7
CENPE	6
CA10	6
EZH2	5
ANKRD36BL1	4
FOXP1	1
SLC39A12	5
FCRLA	4
CCL25	4
PRICKLE2	1
SKIV2L2	2
IFNK	4
C10orf116	3
DCHS2	4
ELF4	7
SPOPL	3
NR2E3	3
RGS11	3
SLC22A9	7
MTHFD1	6
POLD3	7
CPA6	2
TCEB1	7
LDHB	7
PRKX	5
PTGR2	1
XCL2	4
CNGB1	5
CLP1	4
NIPAL4	4
FAM123B	5
GPN1	4
ESYT3	7
NHP2L1	4
HEPH	4
C10orf26	1
PKP1	5
TYMS	5
DCDC2	2
IL2RG	4
S100A9	4
NTRK2	1
CEP55	5
LBR	7
CREB3L4	1
SLC16A1	4
XRCC6	7
ZNF680	3
STC2	1
PJA2	1
FAM57A	4
AC113191.2	6
SIRT3	1
ST3GAL6	4
KCTD10	7
ZNF18	1
PRR15L	3
TAF4	6
PLIN2	5
C3orf25	1
KIF9	1
PBX1	3
BIN2	4
KIF4B	5
NEK9	2
SFRS5	1
KIAA1377	1
SOX30	4
CXCL3	4
CDC20	5
FAM92A2	4
AARS	5
CAPN13	1
EIF2C2	5
IFT88	1
GLP1R	7
RAP2A	4
RSE13	7
C1orf88	1
C13orf27	7
MYH6	4
SH3RF1	1
OFCC1	5
TTC7A	4
RPS7	7
FANCA	5
GSTZ1	2
LCT	5
SIT1	4
NCAPG	5
TMC5	1
FBXO10	4
OR52L2P	7
SLC30A2	6
CIRBP	1
FAM120A	3
CDK1	6
DCLK1	1
RSEH1	7
FGD3	1
ICOS	4
GOLGA9P	2
APPL2	1
ERGIC1	3
C11orf54	2
DH7	1
IVNS1ABP	7
FAM59B	4
MFGE8	4
TMEM25	1
FBXO32	4
KCTD3	1
TAGLN2	7
CYP2B6	1
IGF2	3
EPHX3	4
MTHFD1L	7
GEMIN8	3
POPDC3	5
TFAP2C	6
MTUS1	1
TTL	4
PIR	5
DIRAS3	1
NUCB2	1
CD97	4
HLA-DQA2	4
PLSCR2	7
ODC1	4
C1QTNF3	1
CCDC52	3
RPP25	7
KIF23	5
SLC7A6OS	7
RAI2	1
CCNYL2	7
TMEM175	3
GRK7	6
MYO1G	4
ITPRIP	4
MKNK2	1
TTC7B	7
DRP2	6
C2orf81	3
ETV7	4
SMARCB1	7
CRYAB	4
OR11H2	7
MARS2	5
TMEM101	1
HMGCS2	1
AL117209.2	3
NEK2	5
HPX	3
PEG10	6
PSMB2	7
MYO6	3
TCEAL4	1
DCTN4	2
NTN4	1
SCAMP1	3
PGM1	4
UBXN10	1
TTC39A	1
RBM15	7
FLRT3	2
ANKLE2	7
LIMA1	1
KIAA1109	3
USP33	2
YARS2	7
RMND1	3
AL132716.1	3
CDKAL1	5
P2RY1	4
FOXM1	5
SLA2	7
KRT8	3
HEPACAM2	1
YBX1	5
WDR52	3
RAPGEF4	1
MYLK2	6
PRNP	4
TEX9	2
MARCH2	2
AL135932.1	1
SPTLC2	1
CA6	5
PDIA6	4
ZNF623	6
SVOPL	4
ZNF24	3
RDM1	6
ASAH1	1
AC010522.2	3
BYSL	5
ITPK1	3
CHRFAM7A	4
C6orf211	1
CA12	1
RNF114	5
TPD52L2	7
CCDC159	1
MAN1C1	1
ZNF91	1
CALR	4
STAC	4
UBE2S	6
FAM114A2	1
CLIP4	4
GPR77	1
CTSL1	7
CCND1	3
IFFO2	7
ROS1	7
PBLD	3
ITK	4
MAGED4B	4
DACH1	1
C4orf40	4
FEM1C	2
SEC13	4
FBXL17	1
TMEM59	1
AC008537.1	1
LYG1	7
UTP20	6
CCNB1	5
CENPI	5
NEFL	2
KAZALD1	2
NEK4	1
TREML2	4
XPOT	5
ZNF311	2
SERINC1	1
KCNE4	1
AQP5	4
CUL3	2
ABCD1	6
DYRK2	5
C17orf97	1
DJB11	7
ZNF44	1
KCNJ15	4
ZNF395	1
RAMP1	3
POLD4	3
LMLN	3
SYT6	2
AMY1B	4
DDX11	6
AC011295.5	7
USP47	3
TACC3	5
MTMR10	3
CDC42EP3	4
MSN	4
TOR2A	3
C16orf11	1
AFTPH	2
NBR1	1
AL157769.3	7
CD46	1
MDP1	3
RP11-503N18.3	1
RAP2B	4
DAZL	4
PES1	7
NSDHL	5
KLHL6	4
SOX10	4
SPG11	1
FGFBP1	4
NDFIP1	3
TMEM63C	1
AC020928.3	7
CSAD	3
SCRN2	3
VRK1	6
PADI2	4
POLH	4
ARSB	4
TTC6	1
OR13G1	2
TRIM71	6
C4orf36	2
OMA1	1
FBXL5	3
SLC45A1	3
ZNF429	1
MREG	3
ZIC1	7
LPIN1	4
A2ML1	5
CENPF	5
WDR74	4
UNC93A	6
MRPS27	1
SCRG1	4
SERPINE2	4
ZNF83	3
TMCO1	3
PXT1	4
AC011443.1	5
MCCC2	1
FMNL2	4
DMXL1	3
CCNE2	6
TPBG	3
CST3	1
KIAA1279	3
FAM172A	1
IRX5	3
DCAF12	4
TMPRSS11F	2
C10orf79	1
CDK2	6
PPP2R5D	5
VCP	7
SPHKAP	4
E2F3	5
DLL3	6
TRIM3	3
ANKRD45	4
RLN3	7
KIAA1257	3
IRF4	4
MTERFD1	6
ZNF138	3
AC138472.5	4
MOBP	7
APOBEC3A	7
MAML2	4
KANK4	4
GPRIN1	7
RP1	3
CCNDBP1	1
NTSR1	7
NKRF	6
RBMS1	4
PDZK1IP1	1
ACTR3	4
PTGR1	1
SHC2	3
ERC2	4
MAP4K1	4
TIGD2	4
RNF182	4
P2RX4	3
C3orf63	2
SPATA17	1
MEIG1	4
YPEL3	3
TNFRSF10C	1
C1orf38	4
HIGD1A	1
AGTPBP1	7
ATXN1L	5
C16orf57	5
FKBP1C	4
NPHP1	3
FBXL16	3
NCAM2	3
MCART2	4
KIR2DL4	7
KLHL7	7
EXOSC7	4
MRFAP1L1	3
VAPB	6
ZNF587	3
GABRR2	7
TAP2	4
SLC39A6	1
SERPINH1	4
LILRA3	4
WDR5	6
CALCB	5
NRTN	7
RALY	6
SRRM3	3
RPRM	5
MYC	6
MRAS	4
TMEM38B	4
ADSL	7
AL445669.2	1
GPR128	6
PTP4A2	1
GLUD1	2
BTG3	4
IL18BP	4
NFYA	4
S1PR2	4
SH3TC2	7
DNMT3B	5
TRIM23	2
NR2C2AP	6
MSH6	7
ANKS6	5
GOLGA5	2
CD274	4
CSF2RB	4
CAPN9	3
TET1	4
XCR1	4
ATP8B1	1
FANK1	1
RASAL1	7
DGCR8	7
CAPN6	4
KLRD1	4
LHFPL1	4
C1QTNF7	2
KIAA0319L	1
GALNT13	4
ARHGEF12	1
DPYSL2	4
MYO10	4
SLC36A4	4
AC012621.2	3
SLC44A2	7
DHTKD1	5
EPHX2	1
RP5-862P8.2	5
FOXA1	1
AGPAT4	4
NONO	7
PHGDH	5
SFRP1	4
TTC8	1
GPR156	5
KIAA1045	4
KNTC1	6
CHD7	6
IL31RA	7
MGAT5B	6
MCTP2	4
SGPP2	4
TAF4B	5
EIF5A	4
SRF	4
CCDC96	1
GALNT6	3
SOCS1	7
NUTF2	5
SPDEF	3
ACOX2	1
SEH1L	4
SLC35C1	7
DTX4	4
IRAK2	4
ORC6L	5
ABCC8	1
SLC16A10	4
ATP5G3	7
AC090921.2	6
SLC36A2	7
SNRPA	7
MTCP1	7
SLC24A2	2
OGFOD1	7
APOBEC3B	5
C14orf17	5
LCTL	7
SLC24A1	3
HDAC2	7
LY6G5B	7
HERC5	4
AES	3
INPP5J	3
DUSP6	1
TSPAN11	7
ZSWIM3	7
C10orf111	7
H2AFZ	6
ZNF831	4
TOMM5	4
MYO1E	4
UBR1	3
TCTN2	1
RBM38	6
WWP2	7
GCC2	3
RAPGEF1	7
TEX19	6
ADAL	2
SPAG7	2
AL589182.1	6
RASEF	1
DL1	1
SPAG5	5
HHAT	1
THOC4	6
ECM2	2
DKC1	5
CYP2A6	1
DHCR7	7
TTC12	1
TMEM62	3
SLAIN1	4
RRP1B	7
PLK1	5
AL359736.1	2
RYR3	4
WDR93	1
ELMOD2	3
ARHGAP11A	5
GOLGB1	3
GSDMC	7
VSNL1	4
TTC14	3
KIAA1024	6
SKA3	5
CRYBB3	7
DCAF4L2	6
PTPRN2	1
LEMD1	4
WNT6	5
TRBV5-4	4
FEN1	5
AC018737.1	7
MT3	6
CCDC7	3
CCT4	7
KHDRBS3	4
GABRE	7
OSBPL3	4
RSE10	4
SUOX	3
ACER2	3
MAP2	4
C6orf129	7
ZFP2	2
RIMS4	3
MAP3K1	2
TAS2R60	4
SEMA3C	3
TPI1	5
AC092278.2	3
ART3	4
ASPN	2
PIF1	5
KCNB2	4
ANXA8	4
VARS	7
AFG3L2	4
C12orf65	4
NKAIN1	3
MAPRE1	6
DLI1	1
FGFBP2	4
GPR56	6
OR7A5	7
ZNF695	5
DHX33	4
TPPP2	5
ARL1	3
C8orf76	5
TSXIP1	3
AQP12A	7
LRFN1	6
GPR125	4
FBXO36	1
TP53BP1	3
DDX28	5
ZBTB8B	6
SPN	4
ITGA9	4
AC020907.3	5
APCDD1L	6
TFG	7
SEC61A1	7
E2F2	5
FSD1	5
RUNDC1	1
PRKDC	6
CEBPB	6
MEX3C	4
CRX	7
MED26	6
FAM72A	5
CCDC40	3
P2RY10	4
C5orf36_1	1
ZWINT	6
C14orf50	2
TMEM106B	3
CAMK2N1	3
LIPE	3
ZDHHC1	3
PLOD3	7
DSC2	5
HIST1H1A	4
AP002364.1	6
CWF19L2	2
USP49	7
PMVK	3
NCR3	4
PAK3	4
NFIL3	4
FAM78B	4
ARHGAP11B	5
ZBTB16	2
IKZF3	4
TCP11L1	4
SLC19A2	3
FERMT1	4
ZNF652	3
HSPE1	5
CAC1D	1
U52112.12	7
GUCY1B2	6
MORN1	3
DYSFIP1	6
PTTG2	7
RAB6C	3
WASF3	4
PI3	7
C14orf79	1
TMC3	1
RF	5
DDX19B	7
ASIP	7
KIAA1430	3
E2F1	5
NINJ1	2
IGFBPL1	7
LPCAT1_1	7
RPIA	4
GFRA1	3
ARL3	1
XPA	1
ESR2	6
KRT3	4
ACSL4	4
COTL1	4
TRAF1	4
HOXC4	3
CHML	6
FCAR	4
CNOT1	5
GI1	4
LEPRE1	4
PLK4	6
MPV17L	1
RSF1	3
FBP1	1
STUB1	3
DJC17	1
YES1	4
RIN3	4
LMNB1	5
POLR1E	4
EML4	7
CCL17	4
MTCP1NB	4
GLT25D1	5
TTC39C	1
KCNJ10	7
C7orf40	5
ANLN	5
EGR3	2
TRIM69	4
TTC30A	1
ZYG11A	7
CXorf67	7
PPAT	6
PDE6G	7
ACSM1	1
ICAM1	4
ENY2	6
FRY	1
C1orf74	4
FAF1	4
SH3KBP1	4
PLA2R1	2
DICER1	2
UBL3	1
ETAA1	3
KIF12	1
ANKRD22	7
F8A3	4
GPR176	4
SYT17	3
C2orf71	4
AC103988.1	6
MAB21L2	3
PHPT1	3
IQCD	3
RASA1	3
IL4I1	6
NDUFB9	6
PPM1L	4
F8A2	4
MAL	4
TDO2	6
THSD4	1
T1	1
TULP3	7
OR9Q1	5
CDC25A	5
FAM127C	6
AC074091.13	5
GFOD1	4
CKAP2L	5
SIGLEC12	4
NUP153	5
RASSF4	4
ELOVL4	4
SERINC4	3
TPTE2	4
RHCG	5
NRF1	7
CLPB	4
GPSM2	7
AC091736.5	7
ADCY3	7
IDO1	5
ETFDH	1
CLIC6	2
AC100793.1	3
CYP39A1	4
C17orf96	4
IRX1	4
C3orf37	6
AC136704.2	7
HGF	2
CNTD2	3
DJB14	3
BAG1	1
AC000086.1	4
MCM6	5
RPL29	3
RASGEF1B	4
NCK2	5
ACSF2	1
RAB7L1	7
ZNF560	6
DNMT3A	6
SETD5	7
NDC80	5
ZNF724P	6
KCNH8	4
TOP2A	5
PNP	5
KCNV1	5
PTK6	3
C22orf30	7
BNIP3L	1
MCAM	4
FCHO1	6
PVALB	3
SND1	4
DDX19A	5
CAC2D2	1
AC020907.5	3
SLC35F2	4
WDR62	6
FSIP1	3
APOBEC3F	4
TUBB1	7
KIAA0406	5
SSRP1	4
DOCK7	4
ZNF367	6
DUSP9	5
PEX12	3
C5orf25	4
TMEM48	4
ZNF396	1
LGR5	4
DJC11	7
DDO	1
TRIML2	4
CBFB	7
CCM2	7
SP9	4
TIFAB	4
MTPAP	7
TLK2	6
ITPRIPL1	4
RSEH2A	6
C12orf643	4
CDKL5	4
SEC14L1	7
NDUFS5	4
HIST1H2BL	6
CA13	4
MEAF6	1
ARHGEF4	4
GPX7	4
CNIH2	5
NETO2	7
UGDH	1
GPM6B	4
LNX2	2
RIMS3	5
BTN2A2	4
TRGV3	4
ZNF720	3
TRIT1	4
TMEM218	2
CFB	1
OR6F1	2
CLDN10	4
LCA5L	3
RCCD1	5
C3orf52	3
KIAA0922	6
PTTG3P	5
NUP85	5
ZNF133	4
TES	4
ZNF521	4
RGL3	3
WWP1	3
STAT1	4
ITGB1BP2	7
EN1	4
SKP2	5
AC027139.2	7
OR2S2	5
TEX261	4
AC105118.1	7
BCL2L14	4
DYNC2LI1	1
GPR37	7
TMPO	6
DJC5	6
AHK	2
MAB21L1	1
NCALD	4
MACROD2	2
RNF150	4
AC020763.1	6
SDSL	3
AL136115.1	3
LDHAL6B	4
ASB5	6
TNPO3	5
B4GALT5	5
GJB3	7
ZNF226	3
IL34	4
PGM5	2
KRT16	4
GFRA3	5
SLC22A2	7
BIRC5	5
CLEC18A	7
STYK1	4
CYB5R2	4
NUP205	5
LRRC56	1
FAM124A	4
SPTBN2	6
AC087698.2	4
BDP1	3
C14orf43	3
EIF4A3	6
NEDD4	2
POM121L2	7
RPL39	7
POLS	6
PARD6B	3
AC011295.3	6
IQCB1	6
TMEM31	6
ASNS	4
ROPN1L	2
PVRL2	3
CR2	7
SYTL5	1
AC011455.1	6
DH17	7
PLEKHA9	7
PTCHD1	4
CCDC149	3
P2RX5	4
NFIA	1
CRKL	4
DUSP7	4
GOLPH3L	1
AKD1_1	1
ELF1	2
CHEK2	7
ZCWPW2	2
GGA3	6
FGF20	1
RTKN2	6
RAB35	7
CLCN5	5
ABCC4	4
AC018413.1	1
G6PC3	3
TSPAN15	1
B3GNT5	4
CRAT	1
CTSZ	4
HIST1H4H	5
COX4NB	5
AC099759.1	4
TMEM87B	3
COG7	3
HOXC13	6
UROC1	6
SLC2A12	4
KIF2C	5
HMGCL	1
PLAUR	4
ARFIP2	1
AC125494.1	7
LPHN2	4
TNNI1	7
ZNF280B	4
CIT	5
C19orf21	3
EEF1A2	3
TUBA3E	1
PLOD1	4
AP000911.1	1
C12orf49	4
SLC39A9	1
PDHA1	7
HTN1	5
DCLRE1B	7
EMP2	3
GLIPR1L2	3
XPO6	7
C1orf64	3
AP006565.1	3
KTI12	4
PIM2	7
LMAN2	3
ASAP1	4
TMEM9B	1
CAMKV	5
CX3CL1	4
PRSS33	5
BECN1	1
JAK3	5
LAG3	7
CABP4	1
SIAH2	1
NOTUM	7
MLXIP	7
AP001652.1	6
DLGAP5	5
KRT6A	4
MED13L	3
RASSF6	1
CTSL2	5
HSPD1	6
CD6	4
RNF122	4
KIAA1199	4
NKX2-4	5
IGLON5	6
HTATIP2	7
ACE2	4
BSND	7
LONRF2	1
TNFRSF10A	4
SYNM	4
FMOD	1
RPL3L	7
SNRPD1	4
HIST1H2BG	6
HIATL2	7
PLEKHG4B	4
AKR7A3	1
AC135995.4	6
PELI1	4
DJC5G	4
PRR11	5
DIXDC1	1
COL4A3BP	3
EDEM2	4
GRIN3A	4
ATP11A	4
CCDC30	3
SLC7A5	5
PNMA3	5
TPSAB1	3
IL12RB2	5
IGF2BP3	5
SOD2	4
CLSPN	5
BLM	5
RHOF	7
KIF25	6
ATF4	4
DMRTA1	4
